MBC,2011_03_24,0,10,2011_03_24,6,0,MBC100분토론,30001,시사교양
MBC,2011_03_24,18,0,2011_03_24,18,50,6시뉴스매거진,30063,시사교양
MBC,2011_03_24,18,50,2011_03_24,19,45,7일간의기적,30003,시사교양
MBC,2011_03_24,9,30,2011_03_24,9,45,MBC뉴스,30063,시사교양
MBC,2011_03_24,12,0,2011_03_24,12,25,MBC뉴스,30063,시사교양
MBC,2011_03_24,16,0,2011_03_24,16,10,MBC뉴스,30063,시사교양
MBC,2011_03_24,0,0,2011_03_24,0,10,MBC뉴스,30063,시사교양
MBC,2011_03_24,20,55,2011_03_24,21,55,MBC뉴스,30063,시사교양
MBC,2011_03_24,6,0,2011_03_24,6,30,MBC뉴스,30063,시사교양
MBC,2011_03_24,6,30,2011_03_24,7,50,MBC뉴스,30063,시사교양
MBC,2011_03_24,13,15,2011_03_24,14,35,MBC스포츠춘계한국중등축구연맹결승전,30000,스포츠
MBC,2011_03_24,9,45,2011_03_24,11,0,기분좋은날,30008,시사교양
MBC,2011_03_24,20,15,2011_03_24,20,55,남자를믿었네,30009,드라마
MBC,2011_03_24,12,25,2011_03_24,13,15,늘푸른인생,30010,시사교양
MBC,2011_03_24,21,55,2011_03_24,23,5,로열패밀리,30011,드라마
MBC,2011_03_24,19,45,2011_03_24,20,15,몽땅내사랑,30013,드라마
MBC,2011_03_24,11,0,2011_03_24,12,0,반짝반짝빛나는,30017,드라마
MBC,2011_03_24,16,40,2011_03_24,17,10,벼리의시간여행,30019,드라마
MBC,2011_03_24,8,30,2011_03_24,9,30,생방송오늘아침,30023,시사교양
MBC,2011_03_24,16,10,2011_03_24,16,40,우리아이미래발견재능무한대,30047,시사교양
MBC,2011_03_24,14,35,2011_03_24,15,10,웃고또웃고,30043,오락
MBC,2011_03_24,7,50,2011_03_24,8,30,주홍글씨,30048,드라마
MBC,2011_03_24,17,10,2011_03_24,18,0,찾아라!맛있는TV,30053,오락
MBC,2011_03_24,23,5,2011_03_25,0,0,추억이빛나는밤에,30055,오락
MBC,2011_03_24,15,10,2011_03_24,16,0,키즈사이언스베스트,30057,시사교양
MBC,2011_03_25,9,30,2011_03_25,9,45,MBC뉴스,30063,시사교양
MBC,2011_03_25,12,0,2011_03_25,12,25,MBC뉴스,30063,시사교양
MBC,2011_03_25,16,0,2011_03_25,16,10,MBC뉴스,30063,시사교양
MBC,2011_03_25,18,0,2011_03_25,18,10,MBC뉴스,30063,시사교양
MBC,2011_03_25,0,5,2011_03_25,0,20,MBC뉴스,30063,시사교양
MBC,2011_03_25,20,55,2011_03_25,21,55,MBC뉴스,30063,시사교양
MBC,2011_03_25,6,0,2011_03_25,6,30,MBC뉴스,30063,시사교양
MBC,2011_03_25,6,30,2011_03_25,7,50,MBC뉴스,30063,시사교양
MBC,2011_03_25,23,5,2011_03_26,0,5,MBC스페셜,30069,시사교양
MBC,2011_03_25,13,15,2011_03_25,14,50,MBC스포츠춘계한국중등축구연맹결승전,30000,스포츠
MBC,2011_03_25,18,10,2011_03_25,18,50,MBC파워매거진,30070,시사교양
MBC,2011_03_25,11,0,2011_03_25,12,0,TV속의TV,30075,시사교양
MBC,2011_03_25,18,50,2011_03_25,19,45,공감특별한세상,30005,시사교양
MBC,2011_03_25,14,50,2011_03_25,15,10,공감특별한세상,30005,시사교양
MBC,2011_03_25,12,25,2011_03_25,13,15,그린실버고향이좋다,30007,시사교양
MBC,2011_03_25,9,45,2011_03_25,11,0,기분좋은날,30008,시사교양
MBC,2011_03_25,20,15,2011_03_25,20,55,남자를믿었네,30009,드라마
MBC,2011_03_25,19,45,2011_03_25,20,15,몽땅내사랑,30013,드라마
MBC,2011_03_25,8,30,2011_03_25,9,30,생방송오늘아침,30023,시사교양
MBC,2011_03_25,21,55,2011_03_25,23,5,스타오디션위대한탄생,30027,오락
MBC,2011_03_25,15,10,2011_03_25,16,0,스포츠매거진,30030,스포츠
MBC,2011_03_25,0,10,2011_03_25,6,0,신입사원,30078,오락
MBC,2011_03_25,0,20,2011_03_25,0,10,자원봉사희망프로젝트나누면행복,30045,시사교양
MBC,2011_03_25,7,50,2011_03_25,8,30,주홍글씨,30048,드라마
MBC,2011_03_25,16,10,2011_03_25,18,0,천안함1주기특별생방송'그날이후',30000,시사교양
MBC,2011_03_26,11,50,2011_03_26,12,0,MBC뉴스,30063,시사교양
MBC,2011_03_26,15,55,2011_03_26,16,5,MBC뉴스,30063,시사교양
MBC,2011_03_26,19,55,2011_03_26,20,40,MBC뉴스,30063,시사교양
MBC,2011_03_26,6,0,2011_03_26,6,30,MBC뉴스,30063,시사교양
MBC,2011_03_26,6,30,2011_03_26,7,30,MBC뉴스,30063,시사교양
MBC,2011_03_26,8,0,2011_03_26,8,50,경제매거진M,30004,시사교양
MBC,2011_03_26,13,55,2011_03_26,14,55,로열패밀리,30011,드라마
MBC,2011_03_26,14,55,2011_03_26,15,55,로열패밀리,30011,드라마
MBC,2011_03_26,18,25,2011_03_26,19,55,무한도전,30014,오락
MBC,2011_03_26,20,40,2011_03_26,21,50,반짝반짝빛나는,30017,드라마
MBC,2011_03_26,0,20,2011_03_26,0,15,비교체험여행기그곳에서살아보기,30006,시사교양
MBC,2011_03_26,23,0,2011_03_27,0,20,세바퀴,30024,오락
MBC,2011_03_26,16,5,2011_03_26,17,10,쇼!음악중심,30026,오락
MBC,2011_03_26,0,15,2011_03_26,6,0,스포츠매거진,30030,스포츠
MBC,2011_03_26,8,50,2011_03_26,9,55,"시추에이션휴먼다큐,그날",30033,시사교양
MBC,2011_03_26,12,0,2011_03_26,13,0,아름다운이들을위한콘서트,30035,시사교양
MBC,2011_03_26,21,50,2011_03_26,23,0,욕망의불꽃,30041,드라마
MBC,2011_03_26,17,10,2011_03_26,18,25,우리결혼했어요시즌2,30042,오락
MBC,2011_03_26,7,30,2011_03_26,8,0,지구촌리포트,30051,시사교양
MBC,2011_03_26,10,45,2011_03_26,11,50,찾아라!맛있는TV,30053,오락
MBC,2011_03_26,9,55,2011_03_26,10,45,천안함용사1주기추모식,30000,시사교양
MBC,2011_03_26,13,0,2011_03_26,13,55,황금어장,30061,오락
MBC,2011_03_27,23,50,2011_03_28,0,40,CSI마이애미시즌8,30062,드라마
MBC,2011_03_27,6,0,2011_03_27,6,10,MBC뉴스,30063,시사교양
MBC,2011_03_27,12,0,2011_03_27,12,10,MBC뉴스,30063,시사교양
MBC,2011_03_27,16,0,2011_03_27,16,10,MBC뉴스,30063,시사교양
MBC,2011_03_27,19,55,2011_03_27,20,40,MBC뉴스,30063,시사교양
MBC,2011_03_27,7,0,2011_03_27,7,20,MBC뉴스,30063,시사교양
MBC,2011_03_27,7,20,2011_03_27,8,10,그린실버고향이좋다,30007,시사교양
MBC,2011_03_27,9,25,2011_03_27,10,45,꽃다발,30054,오락
MBC,2011_03_27,6,10,2011_03_27,7,0,늘푸른인생,30010,시사교양
MBC,2011_03_27,0,30,2011_03_27,6,0,문화사색,30015,시사교양
MBC,2011_03_27,20,40,2011_03_27,21,50,반짝반짝빛나는,30017,드라마
MBC,2011_03_27,16,10,2011_03_27,17,10,섹션TV연예통신,30025,오락
MBC,2011_03_27,13,10,2011_03_27,14,0,스타오디션위대한탄생,30027,오락
MBC,2011_03_27,23,0,2011_03_28,23,50,시사매거진2580,30032,시사교양
MBC,2011_03_27,10,45,2011_03_27,12,0,신비한TV서프라이즈,30034,오락
MBC,2011_03_27,0,40,2011_03_27,0,30,언더커버보스회장님은위장취업중,30037,오락
MBC,2011_03_27,21,50,2011_03_27,23,0,욕망의불꽃,30041,드라마
MBC,2011_03_27,17,10,2011_03_27,19,55,우리들의일밤,30077,오락
MBC,2011_03_27,14,0,2011_03_27,15,0,짝패,30052,드라마
MBC,2011_03_27,15,0,2011_03_27,16,0,짝패,30052,드라마
MBC,2011_03_27,12,10,2011_03_27,13,10,출발!비디오여행,30056,오락
MBC,2011_03_27,8,10,2011_03_27,9,25,해피타임,30059,오락
MBC,2011_03_28,6,0,2011_03_28,6,30,MBC뉴스,30063,시사교양
MBC,2011_03_28,6,30,2011_03_28,7,50,MBC뉴스,30063,시사교양
MBC,2011_03_28,7,50,2011_03_28,8,30,주홍글씨,30048,드라마
MBC,2011_03_28,8,30,2011_03_28,9,30,생방송오늘아침,30023,시사교양
MBC,2011_03_28,9,30,2011_03_28,9,45,MBC뉴스,30063,시사교양
MBC,2011_03_28,9,45,2011_03_28,11,0,기분좋은날,30008,시사교양
MBC,2011_03_28,11,0,2011_03_28,12,0,남자를믿었네,30009,드라마
MBC,2011_03_28,12,0,2011_03_28,12,25,MBC뉴스,30063,시사교양
MBC,2011_03_28,12,25,2011_03_28,13,15,장애인희망프로젝트함께사는세상,30046,시사교양
MBC,2011_03_28,13,15,2011_03_28,14,15,문화사색,30015,시사교양
MBC,2011_03_28,14,15,2011_03_28,15,5,통일전망대,30058,시사교양
MBC,2011_03_28,15,5,2011_03_28,16,0,MBC네트워크특선,30072,시사교양
MBC,2011_03_28,16,0,2011_03_28,16,10,MBC뉴스,30063,시사교양
MBC,2011_03_28,16,10,2011_03_28,16,40,뽀뽀뽀아이조아,30022,시사교양
MBC,2011_03_28,16,40,2011_03_28,17,10,보글보글쿡,30020,드라마
MBC,2011_03_28,17,10,2011_03_28,18,0,"시추에이션휴먼다큐,그날",30033,시사교양
MBC,2011_03_28,18,0,2011_03_28,18,50,6시뉴스매거진,30063,시사교양
MBC,2011_03_28,18,50,2011_03_28,19,45,미라클,30016,시사교양
MBC,2011_03_28,19,45,2011_03_28,20,15,몽땅내사랑,30013,드라마
MBC,2011_03_28,20,15,2011_03_28,20,55,남자를믿었네,30009,드라마
MBC,2011_03_28,20,55,2011_03_28,21,55,MBC뉴스,30063,시사교양
MBC,2011_03_28,21,55,2011_03_28,23,15,짝패,30052,드라마
MBC,2011_03_28,23,15,2011_03_29,0,25,놀러와,30009,드라마
MBC,2011_03_28,0,25,2011_03_28,0,35,MBC뉴스,30063,시사교양
MBC,2011_03_28,0,35,2011_03_28,6,0,스포츠특선,30031,스포츠
MBC,2011_03_29,6,0,2011_03_29,6,30,MBC뉴스,30063,시사교양
MBC,2011_03_29,6,30,2011_03_29,7,50,MBC뉴스,30063,시사교양
MBC,2011_03_29,7,50,2011_03_29,8,30,주홍글씨,30048,드라마
MBC,2011_03_29,8,30,2011_03_29,9,30,생방송오늘아침,30023,시사교양
MBC,2011_03_29,9,30,2011_03_29,9,45,MBC뉴스,30063,시사교양
MBC,2011_03_29,9,45,2011_03_29,11,0,기분좋은날,30008,시사교양
MBC,2011_03_29,11,0,2011_03_29,12,0,남자를믿었네,30009,드라마
MBC,2011_03_29,12,0,2011_03_29,12,25,MBC뉴스,30063,시사교양
MBC,2011_03_29,12,25,2011_03_29,13,15,다문화희망프로젝트우리는한국인,30011,드라마
MBC,2011_03_29,13,15,2011_03_29,14,20,욕망의불꽃,30041,드라마
MBC,2011_03_29,14,20,2011_03_29,15,5,공감특별한세상,30005,시사교양
MBC,2011_03_29,15,5,2011_03_29,16,0,TV밥상꾸러기식사교실,30074,시사교양
MBC,2011_03_29,16,0,2011_03_29,16,10,MBC뉴스,30063,시사교양
MBC,2011_03_29,16,10,2011_03_29,16,40,뽀뽀뽀아이조아,30022,시사교양
MBC,2011_03_29,16,40,2011_03_29,17,10,매직테일즈,30011,드라마
MBC,2011_03_29,17,10,2011_03_29,18,0,연예플러스,30040,오락
MBC,2011_03_29,18,0,2011_03_29,18,50,6시뉴스매거진,30063,시사교양
MBC,2011_03_29,18,50,2011_03_29,19,45,TV특종놀라운세상,30076,오락
MBC,2011_03_29,19,45,2011_03_29,20,15,몽땅내사랑,30013,드라마
MBC,2011_03_29,20,15,2011_03_29,20,55,남자를믿었네,30009,드라마
MBC,2011_03_29,20,55,2011_03_29,21,55,MBC뉴스,30063,시사교양
MBC,2011_03_29,21,55,2011_03_29,23,15,짝패,30052,드라마
MBC,2011_03_29,23,15,2011_03_30,0,10,PD수첩,30073,시사교양
MBC,2011_03_29,0,10,2011_03_29,0,30,MBC뉴스,30063,시사교양
MBC,2011_03_29,0,30,2011_03_29,6,0,MBC프라임,30071,시사교양
MBC,2011_03_30,6,0,2011_03_30,6,30,MBC뉴스,30063,시사교양
MBC,2011_03_30,6,30,2011_03_30,7,50,MBC뉴스,30063,시사교양
MBC,2011_03_30,7,50,2011_03_30,8,30,주홍글씨,30048,드라마
MBC,2011_03_30,8,30,2011_03_30,9,30,생방송오늘아침,30023,시사교양
MBC,2011_03_30,9,30,2011_03_30,9,45,MBC뉴스,30063,시사교양
MBC,2011_03_30,9,45,2011_03_30,11,0,기분좋은날,30008,시사교양
MBC,2011_03_30,11,0,2011_03_30,12,0,반짝반짝빛나는,30017,드라마
MBC,2011_03_30,12,0,2011_03_30,12,25,MBC뉴스,30063,시사교양
MBC,2011_03_30,12,25,2011_03_30,13,15,자원봉사희망프로젝트나누면행복,30045,시사교양
MBC,2011_03_30,13,15,2011_03_30,14,20,욕망의불꽃,30041,드라마
MBC,2011_03_30,14,20,2011_03_30,15,5,경제매거진M,30004,시사교양
MBC,2011_03_30,15,5,2011_03_30,16,0,키즈어드벤처,30080,시사교양
MBC,2011_03_30,16,0,2011_03_30,16,10,MBC뉴스,30063,시사교양
MBC,2011_03_30,16,10,2011_03_30,16,40,뽀뽀뽀아이조아,30022,시사교양
MBC,2011_03_30,16,40,2011_03_30,17,10,햄콩이음악대,30060,드라마
MBC,2011_03_30,17,10,2011_03_30,18,0,방방곡곡해피트레인,30018,시사교양
MBC,2011_03_30,18,0,2011_03_30,18,50,6시뉴스매거진,30063,시사교양
MBC,2011_03_30,18,50,2011_03_30,19,45,불만제로,30021,시사교양
MBC,2011_03_30,19,45,2011_03_30,20,15,몽땅내사랑,30013,드라마
MBC,2011_03_30,20,15,2011_03_30,20,55,남자를믿었네,30009,드라마
MBC,2011_03_30,20,55,2011_03_30,21,55,MBC뉴스,30063,시사교양
MBC,2011_03_30,21,55,2011_03_30,23,5,로열패밀리,30011,드라마
MBC,2011_03_30,23,5,2011_03_31,0,20,황금어장,30061,오락
MBC,2011_03_30,0,20,2011_03_30,0,35,MBC뉴스,30063,시사교양
MBC,2011_03_30,0,35,2011_03_30,6,0,웃고또웃고,30043,오락
MBC,2011_03_31,6,0,2011_03_31,6,30,MBC뉴스,30063,시사교양
MBC,2011_03_31,6,30,2011_03_31,7,50,MBC뉴스,30063,시사교양
MBC,2011_03_31,7,50,2011_03_31,8,30,주홍글씨,30048,드라마
MBC,2011_03_31,8,30,2011_03_31,9,30,생방송오늘아침,30023,시사교양
MBC,2011_03_31,9,30,2011_03_31,9,45,MBC뉴스,30063,시사교양
MBC,2011_03_31,9,45,2011_03_31,11,0,기분좋은날,30008,시사교양
MBC,2011_03_31,11,0,2011_03_31,12,0,반짝반짝빛나는,30017,드라마
MBC,2011_03_31,12,0,2011_03_31,12,25,MBC뉴스,30063,시사교양
MBC,2011_03_31,12,25,2011_03_31,13,15,늘푸른인생,30010,시사교양
MBC,2011_03_31,13,15,2011_03_31,13,30,신바람장터우리땅우리명품,30082,시사교양
MBC,2011_03_31,13,30,2011_03_31,14,20,웃고또웃고,30043,오락
MBC,2011_03_31,14,20,2011_03_31,15,10,추억이빛나는밤에,30055,오락
MBC,2011_03_31,15,10,2011_03_31,16,0,키즈사이언스베스트,30057,시사교양
MBC,2011_03_31,16,0,2011_03_31,16,10,MBC뉴스,30063,시사교양
MBC,2011_03_31,16,10,2011_03_31,16,40,우리아이미래발견재능무한대,30047,시사교양
MBC,2011_03_31,16,40,2011_03_31,17,10,벼리의시간여행,30019,드라마
MBC,2011_03_31,17,10,2011_03_31,18,0,찾아라!맛있는TV,30053,오락
MBC,2011_03_31,18,0,2011_03_31,18,50,6시뉴스매거진,30063,시사교양
MBC,2011_03_31,18,50,2011_03_31,19,45,7일간의기적,30003,시사교양
MBC,2011_03_31,19,45,2011_03_31,20,15,몽땅내사랑,30013,드라마
MBC,2011_03_31,20,15,2011_03_31,20,55,남자를믿었네,30009,드라마
MBC,2011_03_31,20,55,2011_03_31,21,55,MBC뉴스,30063,시사교양
MBC,2011_03_31,21,55,2011_03_31,23,5,로열패밀리,30011,드라마
MBC,2011_03_31,23,5,2011_04_01,0,0,추억이빛나는밤에,30055,오락
MBC,2011_03_31,0,0,2011_03_31,0,10,MBC뉴스,30063,시사교양
MBC,2011_03_31,0,10,2011_03_31,6,0,MBC100분토론,30001,시사교양
MBC,2011_04_01,6,0,2011_04_01,6,30,MBC뉴스,30063,시사교양
MBC,2011_04_01,6,30,2011_04_01,7,50,MBC뉴스,30063,시사교양
MBC,2011_04_01,7,50,2011_04_01,8,30,주홍글씨,30048,드라마
MBC,2011_04_01,8,30,2011_04_01,9,30,생방송오늘아침,30023,시사교양
MBC,2011_04_01,9,30,2011_04_01,9,45,MBC뉴스,30063,시사교양
MBC,2011_04_01,9,45,2011_04_01,11,0,기분좋은날,30008,시사교양
MBC,2011_04_01,11,0,2011_04_01,12,0,TV속의TV,30075,시사교양
MBC,2011_04_01,12,0,2011_04_01,12,25,MBC뉴스,30063,시사교양
MBC,2011_04_01,12,25,2011_04_01,13,15,그린실버고향이좋다,30007,시사교양
MBC,2011_04_01,13,15,2011_04_01,13,30,신바람장터우리땅우리명품,30082,시사교양
MBC,2011_04_01,13,30,2011_04_01,15,10,MBC100분토론,30001,시사교양
MBC,2011_04_01,15,10,2011_04_01,16,0,스포츠매거진,30030,스포츠
MBC,2011_04_01,16,0,2011_04_01,16,10,MBC뉴스,30063,시사교양
MBC,2011_04_01,16,10,2011_04_01,16,40,우리아이미래발견재능무한대,30047,시사교양
MBC,2011_04_01,16,40,2011_04_01,17,10,TV밥상꾸러기식사교실,30074,시사교양
MBC,2011_04_01,17,10,2011_04_01,18,0,비교체험여행기그곳에서살아보기,30006,시사교양
MBC,2011_04_01,18,0,2011_04_01,18,10,MBC뉴스,30063,시사교양
MBC,2011_04_01,18,10,2011_04_01,18,50,MBC파워매거진,30070,시사교양
MBC,2011_04_01,18,50,2011_04_01,19,45,공감특별한세상,30005,시사교양
MBC,2011_04_01,19,45,2011_04_01,20,15,몽땅내사랑,30013,드라마
MBC,2011_04_01,20,15,2011_04_01,20,55,남자를믿었네,30009,드라마
MBC,2011_04_01,20,55,2011_04_01,21,55,MBC뉴스,30063,시사교양
MBC,2011_04_01,21,55,2011_04_01,23,5,스타오디션위대한탄생,30027,오락
MBC,2011_04_01,23,5,2011_04_02,0,5,MBC스페셜,30069,시사교양
MBC,2011_04_01,0,5,2011_04_01,0,20,MBC뉴스,30063,시사교양
MBC,2011_04_01,0,20,2011_04_01,1,10,자원봉사희망프로젝트나누면행복,30045,시사교양
MBC,2011_04_02,1,10,2011_04_02,6,0,우리들의일밤,30077,오락
MBC,2011_04_02,6,0,2011_04_02,6,30,MBC뉴스,30063,시사교양
MBC,2011_04_02,6,30,2011_04_02,7,30,MBC뉴스,30063,시사교양
MBC,2011_04_02,7,30,2011_04_02,7,55,지구촌리포트,30051,시사교양
MBC,2011_04_02,7,55,2011_04_02,8,45,경제매거진M,30004,시사교양
MBC,2011_04_02,8,45,2011_04_02,9,40,"시추에이션휴먼다큐,그날",30033,시사교양
MBC,2011_04_02,9,40,2011_04_02,11,0,무한도전,30014,오락
MBC,2011_04_02,11,0,2011_04_02,12,0,찾아라!맛있는TV,30053,오락
MBC,2011_04_02,12,0,2011_04_02,12,10,MBC뉴스,30063,시사교양
MBC,2011_04_02,12,10,2011_04_02,13,10,아름다운이들을위한콘서트,30035,시사교양
MBC,2011_04_02,13,10,2011_04_02,13,55,황금어장,30061,오락
MBC,2011_04_02,13,55,2011_04_02,14,55,로열패밀리,30011,드라마
MBC,2011_04_02,14,55,2011_04_02,15,55,로열패밀리,30011,드라마
MBC,2011_04_02,15,55,2011_04_02,16,5,MBC뉴스,30063,시사교양
MBC,2011_04_02,16,5,2011_04_02,17,10,쇼!음악중심,30026,오락
MBC,2011_04_02,17,10,2011_04_02,18,25,우리결혼했어요시즌2,30042,오락
MBC,2011_04_02,18,25,2011_04_02,19,55,무한도전,30014,오락
MBC,2011_04_02,19,55,2011_04_02,20,40,MBC뉴스,30063,시사교양
MBC,2011_04_02,20,40,2011_04_02,21,50,반짝반짝빛나는,30017,드라마
MBC,2011_04_02,21,50,2011_04_02,23,0,내마음이들리니,30081,드라마
MBC,2011_04_02,23,0,2011_04_03,0,20,세바퀴,30024,오락
MBC,2011_04_02,0,20,2011_04_02,1,15,비교체험여행기그곳에서살아보기,30006,시사교양
MBC,2011_04_03,1,15,2011_04_03,6,0,스포츠매거진,30030,스포츠
MBC,2011_04_03,6,0,2011_04_03,6,10,MBC뉴스,30063,시사교양
MBC,2011_04_03,6,10,2011_04_03,7,0,늘푸른인생,30010,시사교양
MBC,2011_04_03,7,0,2011_04_03,7,20,MBC뉴스,30063,시사교양
MBC,2011_04_03,7,20,2011_04_03,8,10,그린실버고향이좋다,30007,시사교양
MBC,2011_04_03,8,10,2011_04_03,9,25,해피타임,30059,오락
MBC,2011_04_03,9,25,2011_04_03,10,45,꽃다발,30054,오락
MBC,2011_04_03,10,45,2011_04_03,12,0,신비한TV서프라이즈,30034,오락
MBC,2011_04_03,12,0,2011_04_03,12,10,MBC뉴스,30063,시사교양
MBC,2011_04_03,12,10,2011_04_03,13,10,출발!비디오여행,30056,오락
MBC,2011_04_03,13,10,2011_04_03,14,0,스타오디션위대한탄생,30027,오락
MBC,2011_04_03,14,0,2011_04_03,15,0,짝패,30052,드라마
MBC,2011_04_03,15,0,2011_04_03,16,0,짝패,30052,드라마
MBC,2011_04_03,16,0,2011_04_03,16,10,MBC뉴스,30063,시사교양
MBC,2011_04_03,16,10,2011_04_03,17,20,섹션TV연예통신,30025,오락
MBC,2011_04_03,17,20,2011_04_03,19,55,우리들의일밤,30077,오락
MBC,2011_04_03,19,55,2011_04_03,20,40,MBC뉴스,30063,시사교양
MBC,2011_04_03,20,40,2011_04_03,21,50,반짝반짝빛나는,30017,드라마
MBC,2011_04_03,21,50,2011_04_03,23,0,내마음이들리니,30081,드라마
MBC,2011_04_03,23,0,2011_04_03,23,50,시사매거진2580,30032,시사교양
MBC,2011_04_03,23,50,2011_04_04,0,40,CSI마이애미시즌8,30062,드라마
MBC,2011_04_03,0,40,2011_04_03,1,30,언더커버보스,30037,오락
MBC,2011_04_04,1,30,2011_04_04,3,0,문화사색,30015,시사교양
